{
  "variants" : {
    "active=true,facing=north": {"model": "viciouscore:sampleblockon"},
    "active=true,facing=east": {"model": "viciouscore:sampleblockon", "y": 90},
    "active=true,facing=south": {"model": "viciouscore:sampleblockon", "y": 180},
    "active=true,facing=west": {"model": "viciouscore:sampleblockon", "y": 270},
    "active=false,facing=north": {"model": "viciouscore:sampleblock"},
    "active=false,facing=east": {"model": "viciouscore:sampleblock", "y": 90},
    "active=false,facing=south": {"model": "viciouscore:sampleblock", "y": 180},
    "active=false,facing=west": {"model": "viciouscore:sampleblock", "y": 270}
  }
}